Batch_ID,Cooling_Flow_Lpm,Reactor_Temp_C,Agitator_Power_kW,Reaction_Time_min,Product_Viscosity_cP,Yield_Percent,Quality_Status
B-101,23.2,86.4,17.47,58.9,529.6,93.8,Pass
B-102,31.3,80.0,16.01,68.9,466.4,95.0,Fail
B-103,28.2,82.7,16.38,50.4,487.9,95.3,Pass
B-104,26.4,82.0,15.96,52.9,487.1,95.0,Pass
B-105,20.2,88.4,14.48,51.2,532.5,90.8,Fail
B-106,20.2,89.0,17.11,51.0,543.2,91.0,Fail
B-107,18.8,91.1,14.9,71.4,551.7,85.9,Fail
B-108,30.1,80.6,13.62,67.6,467.0,95.5,Fail
B-109,26.4,83.1,16.73,61.9,489.3,95.3,Pass
B-110,27.9,82.3,14.39,52.4,473.6,94.3,Fail
B-111,18.3,90.9,18.2,62.3,562.1,86.7,Fail
B-112,31.6,80.4,18.27,61.8,481.0,94.3,Pass
B-113,29.7,81.0,18.07,54.3,488.0,95.0,Pass
B-114,21.0,88.5,15.35,60.8,544.5,92.6,Fail
B-115,20.5,88.4,13.58,60.0,533.0,91.4,Fail
B-116,20.6,89.3,18.14,65.4,551.9,90.8,Fail
B-117,22.3,86.4,15.64,65.9,519.3,94.6,Pass
B-118,25.3,84.4,18.33,51.1,508.6,94.4,Pass
B-119,24.0,85.3,18.32,59.4,521.7,94.9,Pass
B-120,22.1,85.7,17.77,65.6,521.2,94.3,Pass
B-121,26.6,84.1,14.97,62.6,500.8,94.6,Pass
B-122,20.0,89.0,15.43,71.4,535.1,90.1,Fail
B-123,22.1,87.2,17.76,66.5,537.6,96.0,Pass
B-124,23.1,86.2,15.08,54.1,524.9,95.0,Pass
B-125,24.4,84.0,14.35,51.8,495.1,94.5,Pass
B-126,29.0,81.6,16.28,66.1,486.2,95.1,Pass
B-127,20.8,87.8,18.18,50.7,545.3,93.3,Fail
B-128,25.2,84.0,16.98,64.6,503.9,94.8,Pass
B-129,26.3,83.9,16.35,73.5,503.7,95.4,Pass
B-130,18.7,90.2,13.99,64.4,543.3,89.2,Fail
B-131,26.5,85.8,16.58,59.7,518.9,94.6,Pass
B-132,20.4,88.6,18.45,66.1,544.2,91.3,Fail
B-133,18.9,89.8,14.2,61.5,541.5,89.2,Fail
B-134,31.3,80.2,16.09,63.6,475.1,93.4,Fail
B-135,31.5,78.2,17.89,73.5,471.8,93.9,Fail
B-136,29.3,81.7,17.2,59.7,494.5,96.0,Pass
B-137,22.3,87.1,16.99,74.0,543.8,95.9,Fail
B-138,19.4,91.7,17.01,72.6,562.9,85.5,Fail
B-139,27.6,82.9,15.3,54.9,495.4,95.4,Pass
B-140,24.2,85.9,14.97,51.7,514.4,95.2,Pass
B-141,19.7,88.9,17.55,52.5,560.8,93.3,Fail
B-142,24.9,83.9,17.55,50.5,502.4,95.8,Pass
B-143,18.5,91.0,17.84,52.4,560.6,86.8,Fail
B-144,30.7,81.5,18.07,67.1,486.3,94.3,Pass
B-145,21.6,88.3,16.06,51.8,524.1,91.2,Fail
B-146,27.3,82.4,16.01,58.0,485.9,95.1,Pass
B-147,22.4,88.4,17.49,71.1,538.4,91.7,Fail
B-148,25.3,83.4,16.75,50.6,501.0,94.0,Pass
B-149,25.7,85.1,17.01,70.4,516.9,94.5,Pass
B-150,20.6,90.5,17.48,57.0,571.2,87.2,Fail
B-151,31.6,79.1,17.95,53.0,476.1,96.2,Fail
B-152,28.9,81.5,15.19,67.4,475.7,95.6,Fail
B-153,31.2,80.5,15.38,65.7,466.0,95.0,Fail
B-154,30.5,80.4,13.97,71.9,467.6,96.0,Fail
B-155,26.4,82.4,16.39,68.4,483.0,95.1,Pass
B-156,30.9,80.6,13.68,70.1,476.8,94.4,Fail
B-157,19.2,88.3,15.83,57.1,542.5,93.5,Fail
B-158,20.7,88.7,16.21,54.4,537.4,92.0,Fail
B-159,18.6,88.9,14.93,68.8,526.3,90.6,Fail
B-160,22.6,88.4,16.45,70.2,547.0,92.1,Fail
B-161,23.4,85.4,13.65,74.8,503.0,94.4,Pass
B-162,21.8,87.1,13.69,60.3,524.8,93.9,Pass
B-163,29.6,82.4,17.61,59.3,485.8,95.6,Pass
B-164,23.0,85.3,15.3,69.4,505.8,96.3,Pass
B-165,21.9,87.5,14.14,58.5,522.8,93.0,Pass
B-166,25.6,85.9,16.11,73.3,517.6,95.4,Pass
B-167,20.0,87.2,17.35,71.5,530.0,94.2,Pass
B-168,29.2,82.0,14.58,60.7,484.1,94.7,Pass
B-169,19.0,89.7,16.61,68.8,543.9,89.1,Fail
B-170,31.8,80.7,13.93,68.9,466.2,94.4,Fail
B-171,28.8,80.9,13.76,52.6,469.0,95.0,Fail
B-172,20.8,86.8,16.16,72.6,528.5,94.4,Pass
B-173,18.1,90.7,16.2,62.6,560.8,87.8,Fail
B-174,29.4,82.0,16.69,70.7,481.9,95.0,Pass
B-175,27.9,83.1,17.13,58.0,489.9,94.8,Pass
B-176,28.2,82.9,18.38,72.4,510.7,94.4,Pass
B-177,28.8,81.5,16.08,59.7,484.1,94.6,Pass
B-178,19.0,89.7,15.11,50.3,539.6,90.1,Fail
B-179,23.0,86.8,17.48,72.6,539.4,95.4,Pass
B-180,19.6,88.3,14.85,52.3,532.7,91.7,Fail
B-181,30.1,83.1,15.69,58.0,500.3,95.1,Pass
B-182,26.7,84.2,13.89,73.8,495.4,95.5,Pass
B-183,22.6,85.6,13.63,73.8,517.5,93.8,Pass
B-184,18.9,90.2,18.31,64.3,571.7,88.9,Fail
B-185,22.4,86.0,17.68,65.8,523.3,94.5,Pass
B-186,22.6,87.6,16.98,61.2,540.7,94.2,Fail
B-187,28.2,83.7,15.54,57.3,502.0,94.5,Pass
B-188,26.9,82.7,14.37,58.2,493.6,93.7,Pass
B-189,30.4,81.9,14.28,66.8,472.5,93.9,Fail
B-190,24.6,85.7,14.75,68.8,514.8,95.0,Pass
B-191,19.7,89.8,16.25,69.8,555.9,89.5,Fail
B-192,28.0,84.7,17.07,69.7,501.0,94.4,Pass
B-193,28.7,82.0,16.8,52.3,482.2,95.4,Pass
B-194,25.9,83.6,14.9,62.4,482.2,93.8,Pass
B-195,28.8,81.3,18.27,51.4,487.6,95.0,Pass
B-196,24.9,84.2,17.19,63.7,513.1,94.2,Pass
B-197,25.3,84.7,16.27,61.0,517.6,94.5,Pass
B-198,24.0,86.1,16.56,72.2,521.5,95.0,Pass
B-199,18.4,90.3,15.6,58.8,560.2,87.9,Fail
B-200,19.5,89.9,14.74,52.9,536.2,88.8,Fail
