Timestamp,Time_Elapsed_min,Screw_Speed_RPM,Motor_Torque_Percent,Melt_Pressure_bar,Melt_Temp_Die_C,Bearing_Vibration_mm_s,Bearing_Temp_C
14:00:00,0,282.7,61.6,163.6,208.8,2.15,51.7
14:01:00,1,280.6,61.1,162.0,208.6,2.03,52.2
14:02:00,2,280.9,63.6,163.2,207.1,1.99,52.5
14:03:00,3,280.5,60.7,162.9,208.0,1.96,52.8
14:04:00,4,280.7,61.2,164.4,208.1,2.17,52.0
14:05:00,5,279.7,62.3,163.8,208.5,2.08,53.6
14:06:00,6,279.2,60.9,165.5,208.7,2.39,51.2
14:07:00,7,280.6,62.8,165.2,208.8,2.14,51.4
14:08:00,8,278.0,62.8,164.4,207.4,2.4,52.1
14:09:00,9,280.7,60.4,165.9,208.5,1.95,51.4
14:10:00,10,280.5,60.3,165.0,208.3,2.13,50.9
14:11:00,11,279.4,64.1,164.2,208.2,1.93,53.2
14:12:00,12,280.2,62.7,168.5,207.3,2.1,52.8
14:13:00,13,279.2,63.8,169.6,209.5,2.25,50.3
14:14:00,14,279.1,64.7,170.2,209.1,2.08,52.8
14:15:00,15,281.0,66.7,177.4,210.7,2.1,53.0
14:16:00,16,280.2,67.8,182.2,211.8,2.2,51.2
14:17:00,17,282.0,69.0,184.3,212.3,2.42,53.0
14:18:00,18,282.6,69.8,189.4,214.6,2.01,50.8
14:19:00,19,280.7,70.7,191.3,214.5,1.99,51.6
14:20:00,20,280.3,74.5,198.0,213.9,2.05,51.9
14:21:00,21,281.7,74.8,197.0,215.6,2.12,52.4
14:22:00,22,278.3,76.3,202.6,217.7,2.03,52.3
14:23:00,23,278.8,75.0,203.2,217.7,2.18,52.2
14:24:00,24,279.9,75.1,204.9,220.3,2.25,51.3
14:25:00,25,280.4,78.7,211.4,220.1,1.96,53.2
14:26:00,26,280.2,82.0,217.3,222.2,2.38,52.5
14:27:00,27,280.2,80.4,217.3,222.7,1.93,51.6
14:28:00,28,280.8,85.2,217.5,223.3,2.19,51.5
14:29:00,29,280.1,81.9,219.6,225.8,2.16,53.1
14:30:00,30,280.6,85.7,221.7,226.6,2.41,52.5
